{"/EDBvMBfmTil2nLb8inGxg==":"dreamstime_xxl_132837075%20(1)-2000x1370.jpg","Bb7FZzVfynV6WepQSiQsTw==":"dreamstime_xxl_132837075%20(1)-2000x1370.jpeg","K2+IgGWkFDAxauE2nJUEoQ==":"funcionamento-da-mente-600x358.jpeg","itv1xV5rmvoDAku2LCdPaw==":"mbr-1920x1357.jpg","t4vQ6iynAfO1crvl81CNUQ==":"mbr-1-1920x1357.jpg","YwuAjnr2t5cTzDkC5Qgh9w==":"mbr-1-1920x1357.jpeg","ZUcN26nr9XSiEqSHxSNnEA==":"mbr-2-1920x1357.jpeg","XUtM3WWyGgHytN9tlPSjSg==":"baby%20-%201-588x747.jpg","Uhude/qlHDKwzcxuW9rcNA==":"coronavirus-covido1-psicologoonline-homeoffice-696x464.jpg","YAyFjL04C27uToCoA12nxA==":"mbr-696x522.jpg","CKLA9RBLmia1L38d/CEa9w==":"mbr-696x462.jpg","NQi4UgtYsI87gWxz/R84pQ==":"woman-1733881-1920-696x264.jpg","Ur8F+nUhJ1verOgzC5Y9HQ==":"mbr-696x474.jpg","2NyGtZlfzFLghhPwP+wLBw==":"mbr-696x464.jpg","PJJOaSk77WdE3Hs27/Fd/w==":"dreamstime_xxl-90523703-121x121.jpeg","yKqjFdUdnX9sNKocxyUNCQ==":"mbr-1920x1280.jpg","ui5h+5Ql0jSWr68VLmtidA==":"mbr-1920x1280.jpeg","Egjb22+rObk/N6/S5qgHrw==":"dreamstime_xxl-90523704-121x121.jpeg","IDR/MtbOwgaz2yrvdAnfyA==":"dreamstime_xxl-90523705-121x121.jpeg","gga2DKf1n5QTxlWaCK5RSA==":"logo-119x75.jpg","NFc2OT34Lt3ZIrPOqsAl5Q==":"mbr-1-1920x1280.jpg","1RKLkS4peYfsEa/ilhDJBw==":"mbr-1-1920x1280.jpeg","TMhMo2IiL3sKnsJLQTVS6Q==":"mbr-2-1920x1280.jpeg","kzsM37VeY1PWbyOMDc3jaw==":"mbr-1920x1200.jpg","tuGSUsERQyxGrGXsDSRlWA==":"mbr-1-696x464.jpg","YHN+UHRelYCWkEF4NPQCPw==":"baby-598x773.jpeg","WaNETzloCddsKAPLO6aswA==":"baby-1-598x773.jpeg","0ja+TejQPSLaoMmS6bztBA==":"mbr-1920x1280.jpg","oRykAiO0rUD++7AmPeEwUg==":"background1.jpg","8006dLzM42NQ8LyFI9AJ3w==":"baby-2-598x773.jpeg","vK12/BJrVkQ/S8Oyp2wsTg==":"mbr-835x1080.jpg","QCyimgaN0HLyDzMdzn8qfg==":"mbr-835x1080.jpeg","xqrKLxF2MVPPy81/olu5Dg==":"especializacao-em-gestao-e-docencia-1169x499-1-1076x459.jpg","ZlJE/VrOVhAHYdqUhsmAIQ==":"120920161922-170-superior%20(1)-720x440.jpg","iY44xUtItAeqq6yUq4AihQ==":"mbr-1920x1280.jpeg","Mbf85jUfIOSQ6tM6yrndFg==":"41548478_2111717262183379_3813956131651321856_o-1050x788.jpg","aQA0At6j0emUdSma1xg/mw==":"mbr-696x492.jpg","bXDf8QAcpQ3W+vV1h+uxvw==":"mbr-1-1920x1280.jpeg","a+YEZLiuwVoj3hWUwROfmQ==":"mbr-1-1920x1280.jpg","0PCLjLTlxSf6Wcu1dLqKwA==":"mbr-2-1920x1280.jpeg","fFKE0+hDfJ3P7SpkNFpgnQ==":"mbr-3-1920x1280.jpeg","+EQOQzAbjNVByzGbbhSKrQ==":"mbr-1920x1195.jpeg","lstq92BeQ2gYCRFAwTfycg==":"whatsapp%20image%202021-04-22%20at%2016.22.39-696x694.jpg","7Oil5y34chPOcXeroytApg==":"adriana%20levindo%20%5Btamanho%20original%5D-192x192.png","UzKuhQ1xoJ45HFP1/l2etg==":"adriana%20levindo%20%5Btamanho%20original%5D-500x500.png","KQZWpbwkU7/+1OoJ8F1l1A==":"adriana%20levindo%20%5Btamanho%20original%5D-500x500.png","QyOungdOh9aQjzjVLue9yQ==":"c%C3%B3pia%20de%20c%C3%B3pia%20de%20c%C3%B3pia%20de%20adriana%20levindo%20%5Btamanho%20original%5D-2000x1000.png","8ZgGnjB4m5ca5e2dsOm2Mg==":"c%C3%B3pia%20de%20c%C3%B3pia%20de%20c%C3%B3pia%20de%20adriana%20levindo%20%5Btamanho%20original%5D-2000x1000.png","ZMgf+a80MtLnMzUot97Cfg==":"c%C3%B3pia%20de%20c%C3%B3pia%20de%20c%C3%B3pia%20de%20adriana%20levindo%20%5Btamanho%20original%5D-2000x1000.png","bQGsTMEdHnALtsL2kkopIQ==":"c%C3%B3pia%20de%20c%C3%B3pia%20de%20c%C3%B3pia%20de%20adriana%20levindo%20%5Btamanho%20original%5D-2000x1000.png","M9lUM1EmRZGkLxhKJ5FVCQ==":"c%C3%B3pia%20de%20c%C3%B3pia%20de%20c%C3%B3pia%20de%20adriana%20levindo%20%5Btamanho%20original%5D-2000x1000.png","OR0XIIbwVfspfWBgeISylQ==":"c%C3%B3pia%20de%20c%C3%B3pia%20de%20c%C3%B3pia%20de%20adriana%20levindo%20%5Btamanho%20original%5D-2000x1000.png","XA1j98JbzzixZ6N9GCyRCw==":"adriana%20levindo%20%5Btamanho%20original%5D-192x192.png","HLFWYfb09aTSYm1Xw6ynUg==":"c%C3%B3pia%20de%20c%C3%B3pia%20de%20c%C3%B3pia%20de%20adriana%20levindo%20%5Btamanho%20original%5D-2000x1000.png","oxZQL5R5gcZWL66IKrRs8Q==":"c%C3%B3pia%20de%20c%C3%B3pia%20de%20c%C3%B3pia%20de%20adriana%20levindo%20%5Btamanho%20original%5D%20(2)-2000x1000.png","OWN72h3CjAyQdWS2z3ZJKQ==":"c%C3%B3pia%20de%20c%C3%B3pia%20de%20c%C3%B3pia%20de%20adriana%20levindo%20%5Btamanho%20original%5D%20(3)-2000x1000.png","6MoRzIjknBnouN5oIvG2lg==":"c%C3%B3pia%20de%20c%C3%B3pia%20de%20c%C3%B3pia%20de%20adriana%20levindo%20%5Btamanho%20original%5D%20(3)-2000x1000.png","mC4HkimvAkFlqgZlj+Fasw==":"c%C3%B3pia%20de%20c%C3%B3pia%20de%20c%C3%B3pia%20de%20adriana%20levindo%20%5Btamanho%20original%5D%20(3)-2000x1000.png","FLmTeJjDn/Qi35fOulVVAA==":"c%C3%B3pia%20de%20c%C3%B3pia%20de%20c%C3%B3pia%20de%20adriana%20levindo%20%5Btamanho%20original%5D%20(3)-2000x1000.png","wRuDfoO9X2EBiOazoGZfRw==":"c%C3%B3pia%20de%20c%C3%B3pia%20de%20c%C3%B3pia%20de%20adriana%20levindo%20%5Btamanho%20original%5D%20(4)-2000x1000.png","AUQ90vVFfCCaJimRhu2Q7A==":"capa1-2000x1000.png","OvK/xf6284eN/hJf5O03GQ==":"eu2-806x1075.jpg","VTWXtDJrb700RveNDgXhUw==":"dra%20adriana%20levindo-1350x650.png","J2I99RlqC5Kr9lDjvVhSkQ==":"adriana%20levindo%20%5Btamanho%20original%5D-500x500.png","KuxxeGJKLmlds+a/ff8vuA==":"dra%20adriana%20levindo-1350x650.png","kyhFHR3MN26J4zr0ySTbgg==":"dra%20adriana%20levindo-1350x650.png","1gCvE5nykHCWOYp/aA5XXg==":"dra%20adriana%20levindo-1350x650.png","hS8yBeJWHmWNK2Vk9ki2Dw==":"dra%20adriana%20levindo%20(1)-1350x650.png","Ve1b0wGLJGrUR8F5LYMsNA==":"dra%20adriana%20levindo%20(2)-1350x650.png","RwM3ds64HCBuyeQIuMQ66Q==":"logo-163x163.png","YOzeWtGpHtk25TYgoCUgxA==":"mbr-1741x1920.png","0OaPOX+JSvFOvLdXQ7Hfbg==":"psicologia%20positiva%20teoria%20do%20bem-estar-2000x1125.png","2AxpEb5vTNkYV/y8ThxQcA==":"psicologia%20positiva%20teoria%20do%20bem-estar-2000x1125.png","xFHTIUwBJDusz1fbFLb/5Q==":"psicologia%20positiva%20teoria%20do%20bem-estar%20(1)-2000x1125.png","7fkqkj7sZCBKPmZw+w5wvQ==":"psicologia%20positiva%20teoria%20do%20bem-estar%20(1)-2000x1125.png","lw3jHSmt9TbPg/q7P/cOwQ==":"psicologia%20positiva%20teoria%20do%20bem-estar%20(2)-2000x1125.png","uwdUwRxJlZdZcJyo/mmQvg==":"dra%20adriana%20levindo-1350x650.png","DcPu13liJ1oGFMWQ5uJvbQ==":"eu-956x1434.jpeg","dPtEUeq8AnmPHdYJSJGsEQ==":"online-816x544.jpg","2UNCwbn4h7rcKvzROiM26g==":"pres-816x544.jpg","Z6C2ll3b1GT5gbte4EbmFg==":"pres-2000x1333.jpg","BRO9yI5RZMLyMPMsN7++UA==":"pres-2000x1333.jpeg","5qtkIaMqRiFk2uqKULhoUA==":"pres-1-2000x1333.jpeg","R45nnBLQwU1GvfDjcuR3hg==":"pres-2-2000x1333.jpeg","728jSLIiejiojLCH2BfRtw==":"1-816x1224.jpg","p7YHfpzc5ezqdtcb1HaUnw==":"10-816x544.jpg","KY+QG7jfrbLMuKPBWrhgbQ==":"eu-816x1224.jpg","gnYj55VnfHxM74+5dp1+NQ==":"14-816x544.jpg","31e+NZNUDPeMnNbKXYfr0A==":"3-956x1434.jpg","NI0vwrYA9msJSyeNeZjeaQ==":"design%20sem%20nome-1366x768.png","eupUWq4Q6tzBa/SlFOA6ug==":"mbr-1920x1280.jpg","60cWC0PgywDdfvy4q9i5CA==":"mbr-1920x1080.jpg","w6jgpM50XpJjoXThB9eZdw==":"dra%20adriana%20levindo%202-1350x650.png","zO9ydMOY+E+W4Ty6KzuPjg==":"dra%20adriana%20levindo%202-1350x650.png","BHi1qeCBHL61x7YE98dGbw==":"dra%20adriana%20levindo%202-1350x650.png","9pwcAUXrZj7Ep75oODqnMA==":"dra%20adriana%20levindo%202-1350x650.png","X1zxs5myztbcrvduij42bw==":"dra%20adriana%20levindo%203-1350x650.png","kheW5Wm+nyaDTq5K97jdNQ==":"capa%20site-1350x650.png","khUGExx8StWcZDR4BxEloQ==":"logo-121x121.png","B4GVOeQXNDsw1elAITKdlw==":"photo-2022-03-19-20-31-20-126x189.jpeg","kXPROlIaA3JA5frb88E7wQ==":"photo-2022-03-19-20-31-21-126x189.jpeg","GalyxPBmW5jrCqqp135SJw==":"eu-956x912.jpg","ibwdzt7ktZ7EboFVUF0Yow==":"online-815x1223.jpg","owKXCprB/OJlzUGAKYVozw==":"logo-119x119.png","FjeYsk738lNNtA25XVhIuQ==":"design%20sem%20nome-121x121.png","Xjv//ihtMBFlgk6z62z51Q==":"design%20sem%20nome-121x121.png","j/fKg73xh+hGzzzZ4hyk4g==":"mbr-1256x837.jpg","oy5EZLg0F8d6TdzwqMTU8w==":"image-6487327-956x1435.jpg"}